{"cameraMode":{"drawMode":0,"name":"Shaded","section":"Shading Mode"},"sceneLighting":false,"audioPlay":false,"sceneViewState":{"showFog":true,"showMaterialUpdate":false,"showSkybox":false,"showFlares":true,"showImageEffects":true,"showParticleSystems":true},"in2DMode":false,"pivot":{"x":0.009691804647445679,"y":0.03849029541015625,"z":0.022845029830932618},"rotation":{"x":0.2681204378604889,"y":0.020229410380125047,"z":-0.005631197243928909,"w":0.9631686806678772},"size":4.041658401489258,"orthographic":false}