{"cameraMode":{"drawMode":0,"name":"Shaded","section":"Shading Mode"},"sceneLighting":true,"audioPlay":false,"sceneViewState":{"showFog":true,"showMaterialUpdate":false,"showSkybox":true,"showFlares":true,"showImageEffects":true,"showParticleSystems":true},"in2DMode":false,"pivot":{"x":-4.752711772918701,"y":4.951937675476074,"z":-12.91260051727295},"rotation":{"x":0.2681204378604889,"y":0.020229410380125047,"z":-0.005631197243928909,"w":0.9631686806678772},"size":4.657884120941162,"orthographic":false}